{
  "prepare_queue": {
    "installed": [],
    "uninstalled": []
  },
  "config_munge": {
    "files": {}
  },
  "installed_plugins": {
    "cordova-plugin-whitelist": {
      "PACKAGE_NAME": "com.qianli.hellocordovaprj"
    },
    "cordova-plugin-geolocation": {
      "GPS_REQUIRED": "true",
      "PACKAGE_NAME": "com.qianli.hellocordovaprj"
    },
    "com.qianli.mytoast": {
      "PACKAGE_NAME": "com.qianli.hellocordovaprj"
    }
  },
  "dependent_plugins": {},
  "modules": [
    {
      "file": "plugins/com.qianli.mytoast/www/MyToast.js",
      "id": "com.qianli.mytoast.MyToast",
      "pluginId": "com.qianli.mytoast",
      "clobbers": [
        "cordova.plugins.MyToast"
      ]
    }
  ],
  "plugin_metadata": {
    "cordova-plugin-whitelist": "1.3.4",
    "cordova-plugin-geolocation": "4.1.0",
    "com.qianli.mytoast": "1.0.0"
  }
}
